,first_name,last_name,gender,dob,phone,email,ZIP,city,state
1,janice,byrd,F,07/09/1996,15167906776,jbyrd96@gmail.com,5143,Chester,VT
2,amanda,husk,F,18/05/2007,12067545582,ahusk07@yahoo.com,48204,Detroit,MI
3,lee,phillips,F,25/02/1991,18933950035,lee.phillips@outlook.com,75640,Diana,TX
4,elmer,campbell,M,19/04/1969,13778724391,elmer.campbell@gmail.com,47446,Mitchell,IN
5,archie,edwards,M,24/04/1996,18818127933,aedwards96@gmail.com,93041,Port Hueneme,CA
6,carol,kuhlman,F,03/06/1978,18916469356,carol.kuhlman@aol.com,94952,Petaluma,CA
7,peggy,jones,F,09/04/1979,15984354097,peggy.jones@outlook.com,13327,Croghan,NY
8,elizabeth,lee,F,28/07/1991,13276575460,elizabeth.lee@gmail.com,60188,Carol Stream,IL
9,jimmy,jo,M,29/11/1986,18088226082,jjo86@gmail.com,10467,Bronx,NY
10,joe,freeman,M,22/03/1991,15254431593,joe.freeman@outlook.com,55412,Minneapolis,MN
11,craig,mitchell,M,13/10/1978,16244078882,craig.mitchell@gmail.com,65037,Gravois Mills,MO
12,richard,elmore,M,24/04/1997,18252939519,relmore97@yahoo.com,38941,Itta Bena,MS
13,mary,vaccaro,F,12/09/1993,14245177845,mary.vaccaro@gmail.com,92026,Escondido,CA
14,patsy,antle,F,16/08/2003,11800590207,pantle03@yahoo.com,60015,Deerfield,IL
15,ella,shoaf,F,25/10/1992,17744873040,ella.shoaf@aol.com,37327,Dunlap,TN
16,david,larsen,M,01/09/2000,17243919419,david.larsen@yahoo.com,98303,Anderson Island,WA
17,darrell,shields,M,06/11/1997,13912944096,darrell.shields@gmail.com,73456,Ringling,OK
18,leah,black,F,30/08/2000,1734502141,leah.black@gmail.com,37055,Dickson,TN
19,annette,gaspar,F,03/05/1984,13496319147,agaspar84@yahoo.com,3276,Tilton,NH
20,gene,granados,F,25/02/1980,12493968699,ggranados80@outlook.com,90404,Santa Monica,CA
21,evelyn,bowen,F,16/12/1994,17748581052,ebowen94@aol.com,75154,Red Oak,TX
22,kristi,taylor,F,03/09/2000,12621863895,ktaylor00@gmail.com,2769,Rehoboth,MA
23,andrew,griffin,M,24/09/1968,16851694748,agriffin68@gmail.com,81052,Lamar,CO
24,colton,kimball,M,10/02/1996,12934649833,colton.kimball@gmail.com,33615,Tampa,FL
25,rhonda,jones,F,14/04/1984,18421288540,rjones84@gmail.com,56304,Saint Cloud,MN
26,rebecca,norfleet,F,15/06/1985,12353403701,rebecca.norfleet@gmail.com,80537,Loveland,CO
27,john,pope,M,21/08/1990,18850091659,jpope90@yahoo.com,54449,Marshfield,WI
28,jason,bryan,M,20/01/1995,15478110322,jbryan95@gmail.com,46224,Indianapolis,IN
29,regina,kaczor,F,28/05/1997,16831221069,regina.kaczor@yahoo.com,80524,Fort Collins,CO
30,richard,gist,M,09/05/2003,13979776582,rgist03@gmail.com,97306,Salem,OR
31,virginia,barnhart,F,01/04/2002,15393114104,vbarnhart02@yahoo.com,63125,Saint Louis,MO
32,richard,reach,M,15/09/1977,11784703869,rreach77@gmail.com,98258,Lake Stevens,WA
33,christopher,roesch,M,19/11/1989,11670371855,christopher.roesch@gmail.com,42445,Princeton,KY
34,alfred,donaldson,M,12/03/1997,17428581335,adonaldson97@gmail.com,14132,Sanborn,NY
35,jeffrey,madison,M,23/11/1996,12985255928,jeffrey.madison@outlook.com,13760,Endicott,NY
36,matthew,driscoll,M,11/11/1941,14525725387,matthew.driscoll@aol.com,47562,Odon,IN
37,vicki,moore,F,10/01/1979,13950615430,vmoore79@yahoo.com,37330,Estill Springs,TN
38,gary,strader,M,11/08/1997,13258715823,gary.strader@gmail.com,93933,Marina,CA
39,byron,roberts,M,14/08/2007,16306885505,byron.roberts@gmail.com,72601,Harrison,AR
40,greta,tolson,F,20/07/1970,18834074426,greta.tolson@outlook.com,7039,Livingston,NJ
41,monica,michaels,F,06/02/1987,18460124037,monica.michaels@gmail.com,75098,Wylie,TX
42,lynette,castor,F,24/04/2003,15265542275,lynette.castor@gmail.com,51350,Melvin,IA
43,delbert,lewis,M,01/09/1995,18042404718,delbert.lewis@icloud.com,30341,Atlanta,GA
44,vicki,mclean,F,23/05/1994,16923572468,vmclean94@gmail.com,47432,French Lick,IN
45,jean,ellis,F,29/08/2008,17570099400,jean.ellis@gmail.com,28721,Clyde,NC
46,melanie,townley,F,23/02/1982,16550067566,mtownley82@yahoo.com,31204,Macon,GA
47,charles,groves,M,28/10/2007,18218533938,charles.groves@aol.com,95670,Rancho Cordova,CA
48,jennifer,lacy,F,19/11/1994,14939503387,jlacy94@yahoo.com,39056,Clinton,MS
49,wayne,grullon,M,29/01/2003,16419608756,wgrullon03@gmail.com,27806,Aurora,NC
50,mark,bulter,M,14/02/1991,14535438550,mark.bulter@gmail.com,727,Caguas,PR
51,curtis,brown,M,1981-12-13,+13110663415,cbrown81@yahoo.com,36609,Mobile,AL
52,john,bennett,M,2003-08-21,+18940329091,jbennett03@gmail.com,54465,Pickerel,WI
53,michael,johnson,M,1989-07-11,+14778397052,mjohnson89@gmail.com,40517,Lexington,KY
54,garfield,brennan,M,1974-12-12,+18386693360,garfield.brennan@outlook.com,83202,Pocatello,ID
55,nicolette,huitt,F,2001-02-10,+11697275342,nicolette.huitt@gmail.com,38506,Cookeville,TN
56,angela,bullard,F,1988-06-22,+14753135668,abullard88@outlook.com,32258,Jacksonville,FL
57,sandra,green,F,1985-05-18,+16062060754,sandra.green@gmail.com,19973,Seaford,DE
58,robin,briggs,F,1993-12-04,+180815580,robin.briggs@gmail.com,78504,Mcallen,TX
59,wade,larue,M,1974-11-10,+18130425017,wlarue74@yahoo.com,61705,Bloomington,IL
60,myrtle,hines,F,1975-12-08,+15178242201,mhines75@yahoo.com,94591,Vallejo,CA
61,clarence,gaines,M,1991-09-30,+18301042541,clarence.gaines@gmail.com,27317,Randleman,NC
62,maria,weeks,F,2000-10-08,+15711015426,maria.weeks@gmail.com,89441,Sparks,NV
63,arturo,campbell,M,1982-05-02,+17117052462,acampbell82@icloud.com,75020,Denison,TX
64,heidi,harrison,F,2006-08-01,+16371962989,hharrison06@gmail.com,11516,Cedarhurst,NY
65,albert,mathews,M,2006-09-06,+18184394461,amathews06@gmail.com,80220,Denver,CO
66,kimberly,kelly,F,2001-12-09,+17715934748,kkelly01@gmail.com,58445,Grace City,ND
67,jennifer,frazier,F,1991-05-26,+14663881185,jennifer.frazier@yahoo.com,10452,Bronx,NY
68,tiara,fletcher,F,1985-11-19,+16335714449,tiara.fletcher@gmail.com,21502,Cumberland,MD
69,kevin,wagoner,M,1999-08-13,+13735235035,kwagoner99@yahoo.com,49441,Muskegon,MI
70,kyle,doyle,M,1994-10-16,+14019061609,kyle.doyle@aol.com,34683,Palm Harbor,FL
71,charles,deangelo,M,1994-06-29,+14957552137,cdeangelo94@icloud.com,43560,Sylvania,OH
72,roger,laperle,M,1998-02-25,+13350078184,rlaperle98@yahoo.com,7481,Wyckoff,NJ
73,michael,dvorak,M,2007-08-24,+142395400,michael.dvorak@gmail.com,88240,Hobbs,NM
74,kirk,jennings,M,1998-02-28,+18238316261,kjennings98@yahoo.com,23936,Dillwyn,VA
75,tara,jones,F,1986-06-14,+13456891265,tara.jones@gmail.com,15825,Brookville,PA
76,karen,cheung,F,2001-08-20,+1249223033,karen.cheung@gmail.com,1845,North Andover,MA
77,neal,negron,M,1989-04-16,+118861130,nnegron89@gmail.com,40214,Louisville,KY
78,carole,edwards,F,1980-07-15,+15082203459,cedwards80@yahoo.com,55105,Saint Paul,MN
79,nancy,choi,F,1997-03-23,+16357234514,nancy.choi@gmail.com,20120,Centreville,VA
80,dave,rodgers,M,1996-10-30,+15767404577,drodgers96@gmail.com,72034,Conway,AR
81,marilyn,kerr,F,1995-07-07,+13162541750,marilyn.kerr@gmail.com,40065,Shelbyville,KY
82,geraldine,mccain,F,1989-03-20,+15298467483,gmccain89@gmail.com,2067,Sharon,MA
83,mary,hoskinson,F,1994-03-28,+16699964290,mhoskinson94@yahoo.com,37814,Morristown,TN
84,carol,fitzgerald,F,1996-01-28,+13919460921,cfitzgerald96@outlook.com,78211,San Antonio,TX
85,robert,price,M,1989-02-21,+17024516893,rprice89@gmail.com,98501,Olympia,WA
86,james,craft,M,1994-09-14,+16795539638,jcraft94@gmail.com,11746,Huntington Station,NY
87,charles,stevens,M,1990-09-28,+1765536844,charles.stevens@yahoo.com,93033,Oxnard,CA
88,henry,owens,M,1971-06-23,+18006556485,howens71@yahoo.com,662,Isabela,PR
89,jack,kiss,M,1980-08-23,+18595043901,jkiss80@gmail.com,84092,Sandy,UT
90,sergio,sullivan,M,1996-02-06,+13702396482,sergio.sullivan@gmail.com,48178,South Lyon,MI
91,amy,morrissey,F,2003-01-21,+18969372685,amy.morrissey@icloud.com,56280,Porter,MN
92,stanley,thomas,M,1994-08-12,+17433423341,sthomas94@aol.com,14845,Horseheads,NY
93,william,turnbow,M,2000-07-25,+11516938897,wturnbow00@yahoo.com,20723,Laurel,MD
94,melissa,lesher,F,1999-07-21,+14163234132,mlesher99@gmail.com,18708,Shavertown,PA
95,jessie,kellerman,F,1993-11-23,+1178756157,jessie.kellerman@gmail.com,66801,Emporia,KS
96,natasha,bush,F,1980-12-21,+13845996934,natasha.bush@gmail.com,8106,Audubon,NJ
97,henry,mcgrath,M,1987-01-14,+17186763534,henry.mcgrath@outlook.com,13743,Candor,NY
98,steven,carlyle,M,2004-12-31,+14052469254,scarlyle04@outlook.com,79925,El Paso,TX
99,ashlee,sanchez,F,2005-05-07,+11541410957,asanchez05@gmail.com,28759,Mills River,NC
100,michael,foster,M,1981-11-30,+12941031490,michael.foster@outlook.com,95687,Vacaville,CA
